id,name,email
1,Priya Jones,priya.jones19@example.com
2,Noah Williams,noah.williams3@example.com
3,Reyansh Mehta,reyansh.mehta20@example.com
4,Liam Garcia,liam.garcia61@example.com
5,Vivaan Jones,vivaan.jones75@example.com
6,Nisha Iyer,nisha.iyer38@example.com
7,Harper Brown,harper.brown7@example.com
8,Emily Sharma,emily.sharma14@example.com
9,Olivia Williams,olivia.williams64@example.com
10,Evelyn Lopez,evelyn.lopez94@example.com
11,Ethan Nair,ethan.nair5@example.com
12,Mason Brown,mason.brown63@example.com
13,Lucas Martinez,lucas.martinez93@example.com
14,Isabella Garcia,isabella.garcia30@example.com
15,Vihaan Miller,vihaan.miller3@example.com
16,Olivia Martinez,olivia.martinez41@example.com
17,Ethan Khan,ethan.khan35@example.com
18,Daniel Garcia,daniel.garcia15@example.com
19,Mason Lopez,mason.lopez83@example.com
20,Michael Jones,michael.jones90@example.com
21,Olivia Sharma,olivia.sharma21@example.com
22,Riya Iyer,riya.iyer61@example.com
23,Michael Jones,michael.jones30@example.com
24,Lucas Rao,lucas.rao76@example.com
25,Emily Lopez,emily.lopez92@example.com
26,Sophia Gupta,sophia.gupta38@example.com
27,David Williams,david.williams87@example.com
28,Sarah Garcia,sarah.garcia21@example.com
29,Isabella Iyer,isabella.iyer37@example.com
30,Ishaan Garcia,ishaan.garcia17@example.com
31,Aisha Iyer,aisha.iyer21@example.com
32,James Garcia,james.garcia13@example.com
33,Daniel Garcia,daniel.garcia39@example.com
34,Nisha Iyer,nisha.iyer72@example.com
35,Vihaan Sharma,vihaan.sharma46@example.com
36,Meera Smith,meera.smith87@example.com
37,Ananya Mehta,ananya.mehta65@example.com
38,Aditya Khan,aditya.khan44@example.com
39,Olivia Singh,olivia.singh80@example.com
40,Diya Singh,diya.singh72@example.com
41,Diya Garcia,diya.garcia34@example.com
42,Emily Smith,emily.smith99@example.com
43,Aditya Davis,aditya.davis35@example.com
44,Shaurya Miller,shaurya.miller78@example.com
45,Kabir Patel,kabir.patel57@example.com
46,Sophia Singh,sophia.singh14@example.com
47,Isabella Lopez,isabella.lopez14@example.com
48,Ethan Patel,ethan.patel65@example.com
49,Kabir Mehta,kabir.mehta81@example.com
50,Reyansh Iyer,reyansh.iyer47@example.com
51,Ananya Nair,ananya.nair91@example.com
52,Liam Miller,liam.miller64@example.com
53,Kabir Gupta,kabir.gupta83@example.com
54,Sarah Johnson,sarah.johnson18@example.com
55,Reyansh Iyer,reyansh.iyer57@example.com
56,Daniel Sharma,daniel.sharma32@example.com
57,Noah Johnson,noah.johnson37@example.com
58,Lucas Mehta,lucas.mehta11@example.com
59,Kavya Smith,kavya.smith92@example.com
60,Daniel Smith,daniel.smith81@example.com
61,Nisha Gupta,nisha.gupta97@example.com
62,Mia Williams,mia.williams30@example.com
63,Krishna Williams,krishna.williams53@example.com
64,Daniel Jones,daniel.jones67@example.com
65,Sarah Sharma,sarah.sharma57@example.com
66,Shaurya Sharma,shaurya.sharma92@example.com
67,Mia Khan,mia.khan11@example.com
68,Emily Johnson,emily.johnson52@example.com
69,Ananya Williams,ananya.williams8@example.com
70,Emma Patel,emma.patel85@example.com
71,Shaurya Martinez,shaurya.martinez8@example.com
72,Mia Nair,mia.nair54@example.com
73,Emma Davis,emma.davis39@example.com
74,John Smith,john.smith2@example.com
75,Kavya Miller,kavya.miller79@example.com
76,Shaurya Brown,shaurya.brown58@example.com
77,Saanvi Davis,saanvi.davis80@example.com
78,Isabella Jones,isabella.jones90@example.com
79,Michael Brown,michael.brown26@example.com
80,Priya Khan,priya.khan5@example.com
81,Amelia Johnson,amelia.johnson50@example.com
82,Krishna Miller,krishna.miller70@example.com
83,Riya Iyer,riya.iyer12@example.com
84,Lucas Davis,lucas.davis40@example.com
85,Mia Johnson,mia.johnson97@example.com
86,Ananya Sharma,ananya.sharma4@example.com
87,Amelia Martinez,amelia.martinez34@example.com
88,Nisha Nair,nisha.nair93@example.com
89,Olivia Miller,olivia.miller15@example.com
90,Vihaan Smith,vihaan.smith34@example.com
91,Lucas Smith,lucas.smith16@example.com
92,Vihaan Singh,vihaan.singh58@example.com
93,Priya Martinez,priya.martinez95@example.com
94,Aarav Jones,aarav.jones44@example.com
95,Nisha Martinez,nisha.martinez73@example.com
96,Amelia Lopez,amelia.lopez30@example.com
97,Michael Nair,michael.nair37@example.com
98,Harper Gupta,harper.gupta92@example.com
99,David Miller,david.miller95@example.com
100,Nisha Singh,nisha.singh42@example.com
